{"cameraMode":{"drawMode":0,"name":"Shaded","section":"Shading Mode"},"sceneLighting":false,"audioPlay":false,"sceneViewState":{"showFog":true,"showMaterialUpdate":true,"showSkybox":false,"showFlares":true,"showImageEffects":true,"showParticleSystems":true},"in2DMode":false,"pivot":{"x":0.5000000596046448,"y":0.0010000000474974514,"z":-1.0},"rotation":{"x":0.10214962065219879,"y":0.8431549072265625,"z":-0.4984825849533081,"w":0.17689211666584016},"size":7.006425857543945,"orthographic":false}