{"cameraMode":{"drawMode":0,"name":"Shaded","section":"Shading Mode"},"sceneLighting":true,"audioPlay":false,"sceneViewState":{"showFog":true,"showMaterialUpdate":true,"showSkybox":true,"showFlares":true,"showImageEffects":true,"showParticleSystems":true},"in2DMode":false,"pivot":{"x":237.73687744140626,"y":1.9404404163360596,"z":-192.25750732421876},"rotation":{"x":-0.14266951382160188,"y":0.07103035598993302,"z":-0.010221602395176888,"w":-0.9873615503311157},"size":0.05034400522708893,"orthographic":false}