{"cameraMode":{"drawMode":0,"name":"Shaded","section":"Shading Mode"},"sceneLighting":true,"audioPlay":false,"sceneViewState":{"showFog":true,"showMaterialUpdate":true,"showSkybox":true,"showFlares":true,"showImageEffects":true,"showParticleSystems":true},"in2DMode":false,"pivot":{"x":-1.2291948795318604,"y":-0.052003201097249988,"z":1.3892066478729249},"rotation":{"x":-0.23972049355506898,"y":0.6476134657859802,"z":-0.22582566738128663,"w":-0.6875414848327637},"size":6.709888458251953,"orthographic":false}