{"cameraMode":{"drawMode":0,"name":"Shaded","section":"Shading Mode"},"sceneLighting":false,"audioPlay":false,"sceneViewState":{"showFog":true,"showMaterialUpdate":true,"showSkybox":false,"showFlares":true,"showImageEffects":true,"showParticleSystems":true},"in2DMode":false,"pivot":{"x":-2.0674867630004885,"y":-5.236328125,"z":4.008505344390869},"rotation":{"x":0.6956917643547058,"y":-0.0515500083565712,"z":0.05017644166946411,"w":0.7147329449653626},"size":11.702903747558594,"orthographic":true}