{"cameraMode":{"drawMode":0,"name":"Shaded","section":"Shading Mode"},"sceneLighting":false,"audioPlay":false,"sceneViewState":{"showFog":true,"showMaterialUpdate":true,"showSkybox":false,"showFlares":true,"showImageEffects":true,"showParticleSystems":true},"in2DMode":false,"pivot":{"x":-4.505009651184082,"y":-4.516310691833496,"z":1.2675561904907227},"rotation":{"x":-0.29714661836624148,"y":0.6533656120300293,"z":-0.30910763144493105,"w":-0.6247072815895081},"size":7.007331371307373,"orthographic":false}