{"cameraMode":{"drawMode":0,"name":"Shaded","section":"Shading Mode"},"sceneLighting":true,"audioPlay":false,"sceneViewState":{"showFog":true,"showMaterialUpdate":true,"showSkybox":true,"showFlares":true,"showImageEffects":true,"showParticleSystems":true},"in2DMode":false,"pivot":{"x":-36.6053581237793,"y":-10.191986083984375,"z":-4.915258884429932},"rotation":{"x":-0.07359442114830017,"y":0.7983707189559937,"z":-0.09984961897134781,"w":-0.5899298787117004},"size":21.625717163085939,"orthographic":false}