{"cameraMode":{"drawMode":0,"name":"Shaded","section":"Shading Mode"},"sceneLighting":true,"audioPlay":false,"sceneViewState":{"showFog":true,"showMaterialUpdate":true,"showSkybox":true,"showFlares":true,"showImageEffects":true,"showParticleSystems":true},"in2DMode":false,"pivot":{"x":-41.05229568481445,"y":-15.970917701721192,"z":-27.351926803588868},"rotation":{"x":0.32438021898269656,"y":-0.26870372891426089,"z":0.1001991480588913,"w":0.9025554656982422},"size":22.678722381591798,"orthographic":false}