{"cameraMode":{"drawMode":0,"name":"Shaded","section":"Shading Mode"},"sceneLighting":false,"audioPlay":false,"sceneViewState":{"showFog":true,"showMaterialUpdate":true,"showSkybox":false,"showFlares":true,"showImageEffects":true,"showParticleSystems":true},"in2DMode":false,"pivot":{"x":5.654326438903809,"y":13.011136054992676,"z":-13.611868858337403},"rotation":{"x":0.4999045729637146,"y":-0.2459166944026947,"z":0.1492261439561844,"w":0.8175951838493347},"size":0.5099019408226013,"orthographic":false}