{"cameraMode":{"drawMode":0,"name":"Shaded","section":"Shading Mode"},"sceneLighting":true,"audioPlay":false,"sceneViewState":{"showFog":true,"showMaterialUpdate":true,"showSkybox":true,"showFlares":true,"showImageEffects":true,"showParticleSystems":true},"in2DMode":false,"pivot":{"x":-43.109527587890628,"y":21.61747932434082,"z":-33.5817756652832},"rotation":{"x":0.006439042743295431,"y":0.9914876222610474,"z":-0.12037090212106705,"w":0.053402047604322436},"size":1.4372632503509522,"orthographic":false}