{"cameraMode":{"drawMode":0,"name":"Shaded","section":"Shading Mode"},"sceneLighting":true,"audioPlay":false,"sceneViewState":{"showFog":true,"showMaterialUpdate":true,"showSkybox":true,"showFlares":true,"showImageEffects":true,"showParticleSystems":true},"in2DMode":false,"pivot":{"x":237.7324676513672,"y":1.9375555515289307,"z":-192.4470672607422},"rotation":{"x":0.015167607925832272,"y":-0.9831183552742004,"z":0.15713676810264588,"w":0.09455639868974686},"size":0.05034400522708893,"orthographic":false}