{"cameraMode":{"drawMode":0,"name":"Shaded","section":"Shading Mode"},"sceneLighting":false,"audioPlay":false,"sceneViewState":{"showFog":true,"showMaterialUpdate":true,"showSkybox":false,"showFlares":true,"showImageEffects":true,"showParticleSystems":true},"in2DMode":false,"pivot":{"x":-6.947962284088135,"y":8.707975387573243,"z":1.6317143440246583},"rotation":{"x":0.37470394372940066,"y":0.5950506329536438,"z":-0.3700231611728668,"w":0.609030544757843},"size":9.784575462341309,"orthographic":false}