{"cameraMode":{"drawMode":0,"name":"Shaded","section":"Shading Mode"},"sceneLighting":true,"audioPlay":false,"sceneViewState":{"showFog":true,"showMaterialUpdate":true,"showSkybox":true,"showFlares":true,"showImageEffects":true,"showParticleSystems":true},"in2DMode":false,"pivot":{"x":39.34357452392578,"y":61.41860580444336,"z":44.89809799194336},"rotation":{"x":-0.17400424182415009,"y":0.8229233622550964,"z":-0.34697985649108889,"w":-0.41567012667655947},"size":8.90224838256836,"orthographic":false}