{"cameraMode":{"drawMode":0,"name":"Shaded","section":"Shading Mode"},"sceneLighting":true,"audioPlay":false,"sceneViewState":{"showFog":true,"showMaterialUpdate":true,"showSkybox":true,"showFlares":true,"showImageEffects":true,"showParticleSystems":true},"in2DMode":false,"pivot":{"x":-6.7659807205200199,"y":-6.366711616516113,"z":-3.5381276607513429},"rotation":{"x":0.16555093228816987,"y":-0.7592480778694153,"z":0.21203595399856568,"w":0.5929263830184937},"size":10.0,"orthographic":false}