{"cameraMode":{"drawMode":0,"name":"Shaded","section":"Shading Mode"},"sceneLighting":true,"audioPlay":false,"sceneViewState":{"showFog":true,"showMaterialUpdate":true,"showSkybox":true,"showFlares":true,"showImageEffects":true,"showParticleSystems":true},"in2DMode":false,"pivot":{"x":-393.73480224609377,"y":1001.8743896484375,"z":95.8944320678711},"rotation":{"x":-0.2387862205505371,"y":0.376962274312973,"z":-0.10116325318813324,"w":-0.8892684578895569},"size":1.4660253524780274,"orthographic":false}