{"cameraMode":{"drawMode":0,"name":"Shaded","section":"Shading Mode"},"sceneLighting":true,"audioPlay":false,"sceneViewState":{"showFog":true,"showMaterialUpdate":true,"showSkybox":true,"showFlares":true,"showImageEffects":true,"showParticleSystems":true},"in2DMode":false,"pivot":{"x":-33.21220397949219,"y":-35.6489143371582,"z":23.568403244018556},"rotation":{"x":0.3174366354942322,"y":-0.43833863735198977,"z":0.16891485452651978,"w":0.8237771391868591},"size":31.801578521728517,"orthographic":false}