{"cameraMode":{"drawMode":0,"name":"Shaded","section":"Shading Mode"},"sceneLighting":true,"audioPlay":false,"sceneViewState":{"showFog":true,"showMaterialUpdate":true,"showSkybox":true,"showFlares":true,"showImageEffects":true,"showParticleSystems":true},"in2DMode":false,"pivot":{"x":1.5672776699066163,"y":2.442075490951538,"z":0.9434424042701721},"rotation":{"x":-0.10217785835266113,"y":0.8969437479972839,"z":-0.32686978578567507,"w":-0.28005775809288027},"size":1.1386754512786866,"orthographic":false}