{"cameraMode":{"drawMode":0,"name":"Shaded","section":"Shading Mode"},"sceneLighting":true,"audioPlay":false,"sceneViewState":{"showFog":true,"showMaterialUpdate":true,"showSkybox":true,"showFlares":true,"showImageEffects":true,"showParticleSystems":true},"in2DMode":false,"pivot":{"x":-26.48147201538086,"y":-85.7904281616211,"z":-253.55076599121095},"rotation":{"x":0.08760768175125122,"y":-0.8847388625144959,"z":0.41920042037963869,"w":0.18468077480793},"size":60.18266677856445,"orthographic":false}