{"cameraMode":{"drawMode":0,"name":"Shaded","section":"Shading Mode"},"sceneLighting":false,"audioPlay":false,"sceneViewState":{"showFog":true,"showMaterialUpdate":true,"showSkybox":false,"showFlares":true,"showImageEffects":true,"showParticleSystems":true},"in2DMode":false,"pivot":{"x":2.156801700592041,"y":-1.8482978343963624,"z":-2.1429622173309328},"rotation":{"x":-0.4596109688282013,"y":0.4310666024684906,"z":-0.27255019545555117,"w":-0.7278237342834473},"size":11.360407829284668,"orthographic":false}