{"cameraMode":{"drawMode":0,"name":"Shaded","section":"Shading Mode"},"sceneLighting":true,"audioPlay":false,"sceneViewState":{"showFog":true,"showMaterialUpdate":true,"showSkybox":true,"showFlares":true,"showImageEffects":true,"showParticleSystems":true},"in2DMode":false,"pivot":{"x":-98.0383071899414,"y":1.4760700464248658,"z":-93.06490325927735},"rotation":{"x":0.023996645584702493,"y":0.951324999332428,"z":-0.06005900725722313,"w":0.30445098876953127},"size":11.240230560302735,"orthographic":false}