{"cameraMode":{"drawMode":0,"name":"Shaded","section":"Shading Mode"},"sceneLighting":true,"audioPlay":false,"sceneViewState":{"showFog":true,"showMaterialUpdate":true,"showSkybox":true,"showFlares":true,"showImageEffects":true,"showParticleSystems":true},"in2DMode":false,"pivot":{"x":10.860506057739258,"y":-4.327944755554199,"z":-13.020642280578614},"rotation":{"x":-0.04080035537481308,"y":-0.9441563487052918,"z":0.1286022663116455,"w":-0.3011041283607483},"size":10.0,"orthographic":false}