{"cameraMode":{"drawMode":0,"name":"Shaded","section":"Shading Mode"},"sceneLighting":true,"audioPlay":false,"sceneViewState":{"showFog":true,"showMaterialUpdate":true,"showSkybox":true,"showFlares":true,"showImageEffects":true,"showParticleSystems":true},"in2DMode":false,"pivot":{"x":103.61945343017578,"y":9.06619644165039,"z":54.39610290527344},"rotation":{"x":-0.005921727977693081,"y":-0.9575914144515991,"z":0.29040560126304629,"w":-0.027005914598703386},"size":10.0,"orthographic":false}