{"cameraMode":{"drawMode":0,"name":"Shaded","section":"Shading Mode"},"sceneLighting":false,"audioPlay":false,"sceneViewState":{"showFog":true,"showMaterialUpdate":true,"showSkybox":false,"showFlares":true,"showImageEffects":true,"showParticleSystems":true},"in2DMode":false,"pivot":{"x":-1.2210744619369507,"y":-2.337937831878662,"z":-3.3257105350494386},"rotation":{"x":-0.38051220774650576,"y":0.6193839311599731,"z":-0.4462207555770874,"w":-0.5239813327789307},"size":9.784575462341309,"orthographic":false}