{"cameraMode":{"drawMode":0,"name":"Shaded","section":"Shading Mode"},"sceneLighting":false,"audioPlay":false,"sceneViewState":{"showFog":true,"showMaterialUpdate":true,"showSkybox":false,"showFlares":true,"showImageEffects":true,"showParticleSystems":true},"in2DMode":false,"pivot":{"x":-12.297070503234864,"y":-7.443507671356201,"z":-7.634456634521484},"rotation":{"x":0.23164884746074677,"y":-0.6785833239555359,"z":0.23798108100891114,"w":0.6557614803314209},"size":8.902246475219727,"orthographic":false}