{"cameraMode":{"drawMode":0,"name":"Shaded","section":"Shading Mode"},"sceneLighting":false,"audioPlay":false,"sceneViewState":{"showFog":true,"showMaterialUpdate":true,"showSkybox":false,"showFlares":true,"showImageEffects":true,"showParticleSystems":true},"in2DMode":false,"pivot":{"x":-2.9575986862182619,"y":-3.771775484085083,"z":8.570408821105957},"rotation":{"x":-0.41524538397789,"y":0.08303062617778778,"z":-0.035449374467134479,"w":-0.906374990940094},"size":9.784575462341309,"orthographic":false}