{"cameraMode":{"drawMode":0,"name":"Shaded","section":"Shading Mode"},"sceneLighting":true,"audioPlay":false,"sceneViewState":{"showFog":true,"showMaterialUpdate":true,"showSkybox":true,"showFlares":true,"showImageEffects":true,"showParticleSystems":true},"in2DMode":false,"pivot":{"x":-18.876943588256837,"y":-7.321897983551025,"z":-193.5532684326172},"rotation":{"x":0.11189523339271546,"y":-0.7743242383003235,"z":0.14289993047714234,"w":0.606275200843811},"size":13.178711891174317,"orthographic":false}