{"cameraMode":{"drawMode":0,"name":"Shaded","section":"Shading Mode"},"sceneLighting":true,"audioPlay":false,"sceneViewState":{"showFog":true,"showMaterialUpdate":true,"showSkybox":true,"showFlares":true,"showImageEffects":true,"showParticleSystems":true},"in2DMode":false,"pivot":{"x":-29.142240524291993,"y":9.066265106201172,"z":31.154211044311525},"rotation":{"x":0.0010359151056036354,"y":0.9786548614501953,"z":0.005338110961019993,"w":0.20881403982639314},"size":1.2430799007415772,"orthographic":false}