{"cameraMode":{"drawMode":0,"name":"Shaded","section":"Shading Mode"},"sceneLighting":false,"audioPlay":false,"sceneViewState":{"showFog":true,"showMaterialUpdate":true,"showSkybox":false,"showFlares":true,"showImageEffects":true,"showParticleSystems":true},"in2DMode":false,"pivot":{"x":-2.3953585624694826,"y":-9.14752197265625,"z":1.2682404518127442},"rotation":{"x":-0.4052272140979767,"y":0.5889121294021606,"z":-0.43410006165504458,"w":-0.5492817163467407},"size":11.360407829284668,"orthographic":false}