{"cameraMode":{"drawMode":0,"name":"Shaded","section":"Shading Mode"},"sceneLighting":true,"audioPlay":false,"sceneViewState":{"showFog":true,"showMaterialUpdate":true,"showSkybox":true,"showFlares":true,"showImageEffects":true,"showParticleSystems":true},"in2DMode":false,"pivot":{"x":-22.190364837646486,"y":998.8434448242188,"z":-62.22613525390625},"rotation":{"x":-0.17949220538139344,"y":0.46596431732177737,"z":-0.09739618748426438,"w":-0.8618104457855225},"size":1.0350902080535889,"orthographic":false}