{"cameraMode":{"drawMode":0,"name":"Shaded","section":"Shading Mode"},"sceneLighting":true,"audioPlay":false,"sceneViewState":{"showFog":true,"showMaterialUpdate":true,"showSkybox":true,"showFlares":true,"showImageEffects":true,"showParticleSystems":true},"in2DMode":false,"pivot":{"x":-31.5184268951416,"y":9.293721199035645,"z":72.81761169433594},"rotation":{"x":0.0074889459647238258,"y":0.9904383420944214,"z":-0.1195671558380127,"w":0.07679322361946106},"size":3.2817955017089845,"orthographic":false}