{"cameraMode":{"drawMode":0,"name":"Shaded","section":"Shading Mode"},"sceneLighting":true,"audioPlay":false,"sceneViewState":{"showFog":true,"showMaterialUpdate":true,"showSkybox":true,"showFlares":true,"showImageEffects":true,"showParticleSystems":true},"in2DMode":false,"pivot":{"x":2.651951551437378,"y":2.9024808406829836,"z":-1.3329604864120484},"rotation":{"x":-0.23615263402462007,"y":0.35644489526748659,"z":-0.09285308420658112,"w":-0.8994300961494446},"size":1.4386754035949708,"orthographic":false}