{"cameraMode":{"drawMode":0,"name":"Shaded","section":"Shading Mode"},"sceneLighting":true,"audioPlay":false,"sceneViewState":{"showFog":true,"showMaterialUpdate":true,"showSkybox":true,"showFlares":true,"showImageEffects":true,"showParticleSystems":true},"in2DMode":false,"pivot":{"x":-20.104198455810548,"y":3.4832839965820314,"z":-43.676551818847659},"rotation":{"x":0.3890219032764435,"y":0.32789820432662966,"z":-0.15072010457515717,"w":0.8477290868759155},"size":10.0,"orthographic":false}