{"cameraMode":{"drawMode":0,"name":"Shaded","section":"Shading Mode"},"sceneLighting":true,"audioPlay":false,"sceneViewState":{"showFog":true,"showMaterialUpdate":true,"showSkybox":true,"showFlares":true,"showImageEffects":true,"showParticleSystems":true},"in2DMode":false,"pivot":{"x":-0.7330422401428223,"y":-7.9069695472717289,"z":-12.328776359558106},"rotation":{"x":-0.012567659839987755,"y":0.9488300681114197,"z":-0.31389278173446658,"w":-0.03682495653629303},"size":9.763561248779297,"orthographic":false}