{"cameraMode":{"drawMode":0,"name":"Shaded","section":"Shading Mode"},"sceneLighting":true,"audioPlay":false,"sceneViewState":{"showFog":true,"showMaterialUpdate":true,"showSkybox":true,"showFlares":true,"showImageEffects":true,"showParticleSystems":true},"in2DMode":false,"pivot":{"x":-20.64924430847168,"y":2.887139320373535,"z":11.088656425476075},"rotation":{"x":0.04124334454536438,"y":0.6834549903869629,"z":0.03787368908524513,"w":-0.7283917665481567},"size":1.4386754035949708,"orthographic":false}